,account_id,account_id_check,tweet_id,account_username,account_name,tweet_text,tweet_created_at,tweet_language,retweet_count,reply_count,like_count,quote_count,profile_image_url,is_reclaimable,political_party,priority,tweet_text_translated_gpt3,tweet_emotion_gpt3
0,2564286884,2564286884,1534109321893756928,SanJavierPuede,Podemos San Javier,"RT @podemosmurcia: ‚ÄºÔ∏èL√≥pez Miras e Isabel Franco se han cargado la DG de #Cooperaci√≥n al Desarrollo en plena guerra de Ucrania.

ü§¢Este es e‚Ä¶",2022-06-07 09:45:39,es,6,0,0,0,https://pbs.twimg.com/profile_images/1430853372563709953/NPqVOKQt_normal.png,1,podemos,1, https://t.co/N4NfNfNfN4,Happiness
1,2564286884,2564286884,1534109398255247365,SanJavierPuede,Podemos San Javier,"RT @MariaMarinMart: La supresi√≥n de la Dir. General de Cooperaci√≥n, en plena guerra de Ucrania, es un peaje m√°s que se paga a la ultraderec‚Ä¶",2022-06-07 09:45:57,es,16,0,0,0,https://pbs.twimg.com/profile_images/1430853372563709953/NPqVOKQt_normal.png,1,podemos,1,"

The suppression of the Director General of Cooperation, during the Ukrainian war, is a more than paid toll to ultradereliction",Anger
2,2288138575,2288138575,1534165136549847041,PODEMOS,PODEMOS,"RT @MartinaVelardeG: Si el PSOE no ve bien subirle los impuestos a quienes ganan m√°s de 10 millones de euros, ya nos explicar√° qui√©n entonc‚Ä¶",2022-06-07 13:27:26,es,609,0,0,0,https://pbs.twimg.com/profile_images/1503105171689283584/HpkbJgdo_normal.jpg,1,podemos,1,"

If the PSOE doesn't see fit to raise taxes on those who earn more than 10 million euros, they'll have to explain to us who they think should be paying more",Anger
3,2288138575,2288138575,1534177393165975553,PODEMOS,PODEMOS,"RT @MonederoJC: En casi cualquier momento de la historia, nadie ha dudado de que en momentos de crisis, por ejemplo en guerra como ahora en‚Ä¶",2022-06-07 14:16:08,es,134,0,0,0,https://pbs.twimg.com/profile_images/1503105171689283584/HpkbJgdo_normal.jpg,1,podemos,1,"

In almost any moment of history, no one has doubted that in times of crisis, for example during a war, people will come together to help each other",Unity
4,1461084898639454220,1461084898639454220,1534178296518385667,PodemosCaraban1,Podemos Carabanchel,"RT @MonederoJC: En casi cualquier momento de la historia, nadie ha dudado de que en momentos de crisis, por ejemplo en guerra como ahora en‚Ä¶",2022-06-07 14:19:44,es,134,0,0,0,https://pbs.twimg.com/profile_images/1461108242508136448/pvW9b6nt_normal.jpg,1,podemos,1,"

In almost any moment of history, no one has doubted that in times of crisis, for example during a war, people will come together to help each other",Unity
5,1355840393896730625,1355840393896730625,1534192949810057217,PodemosProvALM,PODEMOS ALMERIA PROVINCIA,"RT @MartinaVelardeG: Si el PSOE no ve bien subirle los impuestos a quienes ganan m√°s de 10 millones de euros, ya nos explicar√° qui√©n entonc‚Ä¶",2022-06-07 15:17:57,es,609,0,0,0,https://pbs.twimg.com/profile_images/1370451105746980871/cnKeYgj1_normal.jpg,1,podemos,1,"

If the PSOE doesn't see fit to raise taxes on those who earn more than 10 million euros, they will have to explain to us who they think should be paying more",Anger
6,1505268591440150530,1505268591440150530,1534200711621316610,RedPodemosLatam,RED C√çRCULOS PODEMOS LATINOAMERICA,"RT @AutorKant: El PSOE vota con VOX, PP Y Cs para que no salga el #ImpuestoALosRicos Una medida de su socio de gobierno para fortunas de MA‚Ä¶",2022-06-07 15:48:48,es,6,0,0,0,https://pbs.twimg.com/profile_images/1505269073231454214/S1J1sIoQ_normal.jpg,1,podemos,1,"

The PSOE votes with VOX, PP and Cs to prevent the #ImpuestoALosRicos from coming into effect. This measure is from their coalition partner in government for the wealthy.",Anger
7,703183766659829761,703183766659829761,1534206426968690691,podemosguindfbe,Podemos Salamanca-Guindalera-Fuente del berro,"RT @MonederoJC: En casi cualquier momento de la historia, nadie ha dudado de que en momentos de crisis, por ejemplo en guerra como ahora en‚Ä¶",2022-06-07 16:11:31,es,134,0,0,0,https://pbs.twimg.com/profile_images/1517181562613284867/KVeij70P_normal.jpg,1,podemos,1,"

In almost any moment of history, no one has doubted that in times of crisis, for example during a war, people will come together to help each other",Unity
8,144865638,144865638,1534212624061288451,psoesantander,PSOE Santander,RT @Ainoaqui: El Consejo de Ministros ha aprobado hoy destinar m√°s de 5M‚Ç¨ a #Cantabria para sectores agrarios afectados por la guerra de #U‚Ä¶,2022-06-07 16:36:08,es,9,0,0,0,https://pbs.twimg.com/profile_images/1501512474285293571/ley1koe3_normal.jpg,1,psoe,1,"

The Council of Ministers has approved today to allocate more than 5M‚Ç¨ to agriculture sectors affected by the war in #Cantabria",Relief
9,289802491,289802491,1534235276415062019,PSOETorrelavega,PSOE Torrelavega,"RT @Ainoaqui: Esta tarde hemos estado en #Torrelavega con una buena compa√±era como @mllcastellanos, Secretaria de @JusticiaPSOE. Frente al‚Ä¶",2022-06-07 18:06:09,es,17,0,0,0,https://pbs.twimg.com/profile_images/690092243626127360/4vqOW9xE_normal.jpg,1,psoe,1,"

This afternoon we've been in #Torrelavega with a good friend like @mllcastellanos, Secretary of @JusticiaPSOE. Against the backdrop of the‚Ä¶",Pleasant
10,1462828720817950731,1462828720817950731,1534235475656986624,JusticiaPSOE,"Sec. de Justicia, RRII y Funci√≥n P√∫blica del PSOE","RT @Ainoaqui: Esta tarde hemos estado en #Torrelavega con una buena compa√±era como @mllcastellanos, Secretaria de @JusticiaPSOE. Frente al‚Ä¶",2022-06-07 18:06:56,es,17,0,0,0,https://pbs.twimg.com/profile_images/1462830287738572811/CWs8pcuM_normal.jpg,1,psoe,1,"

This afternoon we've been in #Torrelavega with a good friend like @mllcastellanos, Secretary of @JusticiaPSOE. Against the backdrop of the‚Ä¶",Pleasant
11,144865638,144865638,1534238340563750913,psoesantander,PSOE Santander,"RT @Ainoaqui: Esta tarde hemos estado en #Torrelavega con una buena compa√±era como @mllcastellanos, Secretaria de @JusticiaPSOE. Frente al‚Ä¶",2022-06-07 18:18:19,es,17,0,0,0,https://pbs.twimg.com/profile_images/1501512474285293571/ley1koe3_normal.jpg,1,psoe,1,"

This afternoon we've been in #Torrelavega with a good friend like @mllcastellanos, Secretary of @JusticiaPSOE. Against the backdrop of the‚Ä¶",Pleasant
12,3994952962,3994952962,1534264414018445312,upiuleganes,UNIDAS PODEMOS - IU Legan√©s,"RT @Emma1492is: √âstos son los que aprovechan la pandemia y la guerra de Ucrania, para atacar el Gobierno. 

El PP de Madrid rob√≥, seg√∫n la‚Ä¶",2022-06-07 20:01:56,es,228,0,0,0,https://pbs.twimg.com/profile_images/1125640700274577408/ayp1yVxk_normal.jpg,1,podemos,1, https://t.co/N3N3N3N3N4,Happiness
13,2653529528,2653529528,1534424672623808512,PodemosCanabico,Podemos Cann√°bico,"RT @MonederoJC: En casi cualquier momento de la historia, nadie ha dudado de que en momentos de crisis, por ejemplo en guerra como ahora en‚Ä¶",2022-06-08 06:38:44,es,134,0,0,0,https://pbs.twimg.com/profile_images/1019294036404957189/8-S49o30_normal.jpg,1,podemos,1,"

In almost any moment of history, no one has doubted that in times of crisis, for example during a war, people will come together to help each other",Unity
14,2366848069,2366848069,1534425101608837120,PodemosAlcorcon,Podemos Alcorc√≥n,"RT @MonederoJC: En casi cualquier momento de la historia, nadie ha dudado de que en momentos de crisis, por ejemplo en guerra como ahora en‚Ä¶",2022-06-08 06:40:27,es,134,0,0,0,https://pbs.twimg.com/profile_images/1413440725899833345/wgtHBMFZ_normal.jpg,1,podemos,1,"

In almost any moment of history, no one has doubted that in times of crisis, for example during a war, people will come together to help each other",Unity
15,50982086,50982086,1534440896862765056,PSOE,PSOE,"‚û°Ô∏è Prorrogaremos las medidas que protegen a las familias y a las empresas de nuestro pa√≠s

Espero que la oposici√≥n pueda estar a la altura y nos apoye para hacer frente a la subida de los precios, causada por la guerra de Putin en üá∫üá¶.

üèõÔ∏è @sanchezcastejon 

#HacemosEuropa https://t.co/5ddx0cn2i8",2022-06-08 07:43:13,es,106,50,143,5,https://pbs.twimg.com/profile_images/1503302300479242240/cPl5YmsP_normal.jpg,1,psoe,1,,Happiness
16,1003683690768224256,1003683690768224256,1534441417241677825,PSOEM_Salamanca,PSOE Distrito Salamanca/‚ô•Ô∏è,"RT @PSOE: ‚û°Ô∏è Prorrogaremos las medidas que protegen a las familias y a las empresas de nuestro pa√≠s

Espero que la oposici√≥n pueda estar a‚Ä¶",2022-06-08 07:45:17,es,106,0,0,0,https://pbs.twimg.com/profile_images/1020651208598605824/uEG_uumc_normal.jpg,1,psoe,1,,Excitement
17,405037946,405037946,1534442157033115648,PSOESoria,PSOE Soria,"RT @PSOE: ‚û°Ô∏è Prorrogaremos las medidas que protegen a las familias y a las empresas de nuestro pa√≠s

Espero que la oposici√≥n pueda estar a‚Ä¶",2022-06-08 07:48:13,es,106,0,0,0,https://pbs.twimg.com/profile_images/1503351054594977799/lcBL8nWp_normal.jpg,1,psoe,1,,Happiness
18,522108784,522108784,1534442329934807040,gpscongreso,PSOE Congreso,"RT @PSOE: ‚û°Ô∏è Prorrogaremos las medidas que protegen a las familias y a las empresas de nuestro pa√≠s

Espero que la oposici√≥n pueda estar a‚Ä¶",2022-06-08 07:48:54,es,106,0,0,0,https://pbs.twimg.com/profile_images/1503363216327512066/TC-JkGCv_normal.jpg,1,psoe,1,,Happiness
19,144865638,144865638,1534442520205205504,psoesantander,PSOE Santander,"RT @pedro_casares: Vamos a prorrogar las medidas que protegen a las familias y empresas de nuestro pa√≠s.

Esperamos que la derecha est√© a l‚Ä¶",2022-06-08 07:49:40,es,34,0,0,0,https://pbs.twimg.com/profile_images/1501512474285293571/ley1koe3_normal.jpg,1,psoe,1,,Happiness
20,786915956,786915956,1534443855399075840,PsoeLugo,PSdeG-PSOE Provincial Lugo,"RT @PSOE: ‚û°Ô∏è Prorrogaremos las medidas que protegen a las familias y a las empresas de nuestro pa√≠s

Espero que la oposici√≥n pueda estar a‚Ä¶",2022-06-08 07:54:58,es,106,0,0,0,https://pbs.twimg.com/profile_images/1463091150294822912/JOxF_LHh_normal.jpg,1,psoe,1,,Excitement
21,585985524,585985524,1534450433468641280,PsoeBadajozCEP,PSOE Prov. Badajoz,"RT @PSOE: ‚û°Ô∏è Prorrogaremos las medidas que protegen a las familias y a las empresas de nuestro pa√≠s

Espero que la oposici√≥n pueda estar a‚Ä¶",2022-06-08 08:21:06,es,106,0,0,0,https://pbs.twimg.com/profile_images/1503325857426952192/P0LvMyWs_normal.jpg,1,psoe,1,,Excitement
22,33855781,33855781,1534453164996546561,FSA_PSOE,FSA-PSOE,"RT @PSOE: ‚û°Ô∏è Prorrogaremos las medidas que protegen a las familias y a las empresas de nuestro pa√≠s

Espero que la oposici√≥n pueda estar a‚Ä¶",2022-06-08 08:31:57,es,106,0,0,0,https://pbs.twimg.com/profile_images/1526856912687484928/Q0dyV8dv_normal.jpg,1,psoe,1,,Happiness
23,68740712,68740712,1534455630819430400,sanchezcastejon,Pedro S√°nchez,"Espa√±a tiene la voluntad de ser parte activa de la respuesta europea a la guerra de Putin, de abordar la buena vecindad con Marruecos y contribuir a una salida de consenso y auspiciada por la ONU para el S√°hara Occidental. No somos ni seremos espectadores de la pol√≠tica exterior. https://t.co/KCTMhrSycf",2022-06-08 08:41:45,es,306,469,760,86,https://pbs.twimg.com/profile_images/1501437138079997957/hCRy4jJC_normal.jpg,1,psoe,1,"

Spain has the will to be an active part of the European response to Putin's war, to approach good neighborliness with Morocco and to contribute to a consensus exit and supported by the UN for the Western Sahara. We are not spectators of foreign policy.",Determination
24,613185757,613185757,1534474230464712704,PSOEC,PSOE C√°ceres,"RT @PSOE: ‚û°Ô∏è Prorrogaremos las medidas que protegen a las familias y a las empresas de nuestro pa√≠s

Espero que la oposici√≥n pueda estar a‚Ä¶",2022-06-08 09:55:40,es,106,0,0,0,https://pbs.twimg.com/profile_images/1519882399898906624/b5ToPu29_normal.jpg,1,psoe,1,,Happiness
25,703556528,703556528,1534481838684749824,PSOESanJeronimo,PSOESanJeronimo,"RT @PSOE: ‚û°Ô∏è Prorrogaremos las medidas que protegen a las familias y a las empresas de nuestro pa√≠s

Espero que la oposici√≥n pueda estar a‚Ä¶",2022-06-08 10:25:54,es,106,0,0,0,https://pbs.twimg.com/profile_images/1284446399933947906/9WGbEu5e_normal.jpg,1,psoe,1,,Excitement
26,522108784,522108784,1534485888171900928,gpscongreso,PSOE Congreso,"Aunque ustedes lo nieguen y se escuden en que este gobierno se parapeta en la guerra de Putin para justificar la inflaci√≥n, olvidan que hemos vivido una pandemia.

Este Gobierno ha hecho un esfuerzo tit√°nico para ayudar a la ciudadan√≠a.

üó£Ô∏è@Hectorgomezh https://t.co/3xuA4LOqMn",2022-06-08 10:41:59,es,30,0,41,1,https://pbs.twimg.com/profile_images/1503363216327512066/TC-JkGCv_normal.jpg,1,psoe,1,"

Despite you denying it and hiding behind that this government is hiding in the war with Putin to justify inflation, they forget that we have lived through a pandemic.

This government has done an incredible effort to help the citizens.",Proud
27,244627171,244627171,1534493429484363776,aragonpsoe,PSOE Arag√≥n,"üêÑ Arag√≥n recibe 11 millones de euros para los agricultores y ganaderos afectados por la guerra de Ucrania

 Estas ayudas forman parte del plan nacional de respuesta a la guerra, que destina m√°s de 430 millones de euros a estos sectores üëá

https://t.co/cyvij056Si",2022-06-08 11:11:57,es,5,0,4,0,https://pbs.twimg.com/profile_images/1501917987191803912/SBPmAUxB_normal.jpg,1,psoe,1, Aragon receives 11 million euros for farmers and livestock affected by the Ukraine war,Happiness
28,20690104,20690104,1534513393356394497,gpssenado,PSOE SENADO,"üèõÔ∏è Reuni√≥n en el @Senadoesp de la Alianza parlamentaria por el derecho a la alimentaci√≥n con la @FAO.

üåπ Las senadoras @ELEDICA, @pepa_bayo, @AgudiezAna y @MontserratMuro debaten sobre la crisis alimentaria y el colapso de cereales y fertilizantes por la guerra en #Ucrania. https://t.co/KSNeBCIEhd",2022-06-08 12:31:17,es,16,1,27,0,https://pbs.twimg.com/profile_images/1503380291267743748/_fosoi6W_normal.png,1,psoe,1,,Happiness
29,242499966,242499966,1534513916017094661,PsoeCerroAmate,PSOE Cerro Amate,"RT @sanchezcastejon: Espa√±a tiene la voluntad de ser parte activa de la respuesta europea a la guerra de Putin, de abordar la buena vecinda‚Ä¶",2022-06-08 12:33:22,es,306,0,0,0,https://pbs.twimg.com/profile_images/1506960557504671745/FrsORSKE_normal.jpg,1,psoe,1,"

Spain has the will to be an active part of the European response to Putin's war, tackling the good neighbor",Determination
30,242499966,242499966,1534514188311224321,PsoeCerroAmate,PSOE Cerro Amate,"RT @gpssenado: üèõÔ∏è Reuni√≥n en el @Senadoesp de la Alianza parlamentaria por el derecho a la alimentaci√≥n con la @FAO.

üåπ Las senadoras @ELED‚Ä¶",2022-06-08 12:34:27,es,16,0,0,0,https://pbs.twimg.com/profile_images/1506960557504671745/FrsORSKE_normal.jpg,1,psoe,1, https://t.co/N3N3KfNfNf,Excitement
31,2282342402,2282342402,1534564559150845954,PSOEeconomia,PSOE Econom√≠a,"La OCDE se√±ala a Espa√±a como uno de los pa√≠ses que m√°s crecer√° en 2022 y 2023 gracias a la recuperaci√≥n del turismo, la creaci√≥n de empleo indefinido y el avance en la ejecuci√≥n del @P_Recuperacion https://t.co/j0jbn1yhiJ",2022-06-08 15:54:36,es,4,0,6,1,https://pbs.twimg.com/profile_images/915182374480203776/rflcgCml_normal.jpg,1,psoe,1,"

The OECD states that Spain will grow in 2022 and 2023 thanks to the recovery of tourism, indefinite employment creation and the progress in executing the @P_Recuperacion",Happiness
32,17804233,17804233,1534581772574392320,psoeex,PSOE de Extremadura /‚ù§Ô∏è,"Los retos de Europa y la Guerra de Ucrania üá™üá∫ üá∫üá¶

üåπ Intervienen:

@LaraGarlito
 @NachoSAmor
 @mllcastellanos
 @ja_calle
 
üìÖ Viernes, 10 de junio
‚åö 12:00 Horas
üë• Sede Regional
üìç M√©rida 

#NuestroMomento_
üíöü§çüñ§ https://t.co/FztsZ6O0CT",2022-06-08 17:03:00,es,4,0,6,1,https://pbs.twimg.com/profile_images/1515960785834496001/k8YJkUcs_normal.jpg,1,psoe,1,,Happiness
33,50982086,50982086,1534596279371714561,PSOE,PSOE,"RT @sanchezcastejon: Espa√±a tiene la voluntad de ser parte activa de la respuesta europea a la guerra de Putin, de abordar la buena vecinda‚Ä¶",2022-06-08 18:00:39,es,306,0,0,0,https://pbs.twimg.com/profile_images/1503302300479242240/cPl5YmsP_normal.jpg,1,psoe,1,"

Spain has the will to be an active part of the European response to Putin's war, tackling the good neighbor",Determination
34,1003683690768224256,1003683690768224256,1534756789438275584,PSOEM_Salamanca,PSOE Distrito Salamanca/‚ô•Ô∏è,"RT @sanchezcastejon: Espa√±a tiene la voluntad de ser parte activa de la respuesta europea a la guerra de Putin, de abordar la buena vecinda‚Ä¶",2022-06-09 04:38:27,es,306,0,0,0,https://pbs.twimg.com/profile_images/1020651208598605824/uEG_uumc_normal.jpg,1,psoe,1,"

Spain has the will to be an active part of the European response to Putin's war, tackling the good neighbor",Determination
35,613185757,613185757,1534760118587473920,PSOEC,PSOE C√°ceres,"El PSOE destina m√°s de 30, 4 millones de euros a Extremadura para sectores agrarios afectados por la guerra de Ucrania https://t.co/aPIY8h1UeK a trav√©s de @PSOEC",2022-06-09 04:51:41,es,2,4,4,1,https://pbs.twimg.com/profile_images/1519882399898906624/b5ToPu29_normal.jpg,1,psoe,1,"_es

The PSOE plans to spend more than 30 million euros in Extremadura for agricultural sectors affected by the Ukraine war through @PSOEC_es",Despair
36,3351624149,3351624149,1534811747168706563,ppaytogu,Grupo Popular Ayto. Guadalajara,"RT @Enclmdiario: ‚û°Ô∏èPol√©mica en #Guadalajara por quedar desierta la licitaci√≥n de Miguel Fluiters.

üîµ‚Äúno es la primera vez que se da""
üî¥‚Äúel A‚Ä¶",2022-06-09 08:16:50,es,1,0,0,0,https://pbs.twimg.com/profile_images/1465287405360062469/2RO7Sl5U_normal.jpg,1,pp,1,,Happiness
37,585985524,585985524,1534814609173057537,PsoeBadajozCEP,PSOE Prov. Badajoz,"RT @psoeex: Los retos de Europa y la Guerra de Ucrania üá™üá∫ üá∫üá¶

üåπ Intervienen:

@LaraGarlito
 @NachoSAmor
 @mllcastellanos
 @ja_calle
 
üìÖ Vie‚Ä¶",2022-06-09 08:28:12,es,4,0,0,0,https://pbs.twimg.com/profile_images/1503325857426952192/P0LvMyWs_normal.jpg,1,psoe,1,"

Europe's challenges and the Ukraine War",Anxiety
38,373266772,373266772,1534814958545997825,PP_Rubi,Partido Popular de Rub√≠,"‚ÄºÔ∏è RUB√ç NO MERCE ESTO

TV3 se dedica en sus programas a desprestigiar Rub√≠ compar√°ndonos con Ucrania.

üîµDesde el Partido Popular de Rub√≠ no permitiremos ninguna ofensa hacia nuestra ciudad, y exigimos explicaciones a @CCMA_cat. 

#RubiCity https://t.co/W1QwcTDUfx",2022-06-09 08:29:36,es,1,6,7,5,https://pbs.twimg.com/profile_images/1485258969790701573/bw527t_i_normal.jpg,1,pp,1,,Happiness
39,3351624149,3351624149,1534820268123750401,ppaytogu,Grupo Popular Ayto. Guadalajara,"Ante nuestra preocupaci√≥n por los contratos que a Rojo se le est√°n quedando desiertos por su incapacidad,su gobierno responde:

@luciadeluz ""no tenemos la culpa de la guerra de Ucrania"" 
@RafaPerezCs ""hay miedo al futuro""

¬øAl resto de instituciones les pasa lo mismo?
Qu√© nivelüò´ https://t.co/CTLiqW9WRd",2022-06-09 08:50:42,es,2,0,2,0,https://pbs.twimg.com/profile_images/1465287405360062469/2RO7Sl5U_normal.jpg,1,pp,1,,Excitement
40,716771480185470978,716771480185470978,1534837491295039488,VoxCorrales,VOX Los Corrales De Buelna,"RT @ThaisConexao: Eurodeputado @hermanntertsch no Parlamento Europeu diz que a UE ataca a Pol√¥nia e a Hungria, por defenderem a sua soberan‚Ä¶",2022-06-09 09:59:08,pt,30,0,0,0,https://pbs.twimg.com/profile_images/1176555140180037632/PTLnsbRx_normal.jpg,1,vox,1,"

The European Parliament's deputy speaker, Hermann Tisch, says that the EU attacks Poland and Hungary because they are defending their sovereignty.",Outrage
41,403634197,403634197,1534898838611316736,MirafloresPsoe,PSOE Miraflores Sevilla /‚ô•Ô∏è,"RT @PSOE: ‚û°Ô∏è Prorrogaremos las medidas que protegen a las familias y a las empresas de nuestro pa√≠s

Espero que la oposici√≥n pueda estar a‚Ä¶",2022-06-09 14:02:54,es,106,0,0,0,https://pbs.twimg.com/profile_images/1501672696567975936/hYic_bWV_normal.jpg,1,psoe,1,,Excitement
42,1472335474069024771,1472335474069024771,1534932463973285888,voxsantadria,VOX Sant Adri√† de Bes√≤s,"RT @VOX_Cataluna: üó£ @AntonioGalleg0 denuncia que la guerra de Ucrania no puede ser un pretexto para maquillar una gesti√≥n lamentable:

‚ÄúDeb‚Ä¶",2022-06-09 16:16:31,es,19,0,0,0,https://pbs.twimg.com/profile_images/1484173877399855110/Nwtr5QmO_normal.jpg,1,vox,1,,Happiness
43,144865638,144865638,1534935000285646850,psoesantander,PSOE Santander,"RT @pedro_casares: Importante votaci√≥n en el @Congreso_Es.

Aprobamos el tope al gas para proteger a las familias, empresas y a todos los s‚Ä¶",2022-06-09 16:26:36,es,67,0,0,0,https://pbs.twimg.com/profile_images/1501512474285293571/ley1koe3_normal.jpg,1,psoe,1,,Excitement
44,2282342402,2282342402,1534945527825154048,PSOEeconomia,PSOE Econom√≠a,"RT @pedro_casares: Importante votaci√≥n en el @Congreso_Es.

Aprobamos el tope al gas para proteger a las familias, empresas y a todos los s‚Ä¶",2022-06-09 17:08:26,es,67,0,0,0,https://pbs.twimg.com/profile_images/915182374480203776/rflcgCml_normal.jpg,1,psoe,1,,Excitement
45,1065612238852186113,1065612238852186113,1534994252249415693,voxmarratxi,Vox Marratx√≠,RT @RonCicer: Dimitir√°  o culpar√° a Putin? https://t.co/jmNP7ZSkXq,2022-06-09 20:22:03,es,1109,0,0,0,https://pbs.twimg.com/profile_images/1256857119002951680/8cMYAYq2_normal.jpg,1,vox,1,"

This tweet translates to ""Will Dimitry resign or blame Putin?""",Anger
46,48976307,48976307,1535017918202892290,ivanedlm,Iv√°n Espinosa de los Monteros,Putin amenazando a Suecia. https://t.co/ijdMyUF3Kb,2022-06-09 21:56:05,es,410,163,1046,15,https://pbs.twimg.com/profile_images/1525972140675276800/VslnoHS3_normal.jpg,1,vox,1,"

Putin is threatening Sweden.",Fear
47,1138406986582806529,1138406986582806529,1535030049342214151,VOX_Europa_,VOX Europa,RT @hermanntertsch: Mantengamos la perspectiva que explica bien el sabotaje ya evidente de Berl√≠n y Par√≠s a la defensa de Ucrania ante Rusi‚Ä¶,2022-06-09 22:44:17,es,140,0,0,0,https://pbs.twimg.com/profile_images/1443550717273325568/yzbF5Ryb_normal.jpg,1,vox,1,"

We maintain the perspective that explains well the sabotage already evident in Berlin and Paris in defense of Ukraine against Russia",Fear
48,17804233,17804233,1535185005151891456,psoeex,PSOE de Extremadura /‚ù§Ô∏è,"Los retos de Europa y la Guerra de Ucrania üá™üá∫ üá∫üá¶

üåπ Intervienen:

@LaraGarlito
@NachoSAmor
@mllcastellanos
@ja_calle
 
üìÖ Viernes, 10 de junio
‚åö 12:00 Horas
üë• Sede Regional
üìç M√©rida 

#NuestroMomento_
üíöü§çüñ§ https://t.co/cu93wRH3P3",2022-06-10 09:00:02,es,5,0,5,0,https://pbs.twimg.com/profile_images/1515960785834496001/k8YJkUcs_normal.jpg,1,psoe,1,,Happiness
49,121803322,121803322,1535186082710446080,GPPopular,Grupo Popular Congreso üá™üá∏,"RT @JIEchaniz: Me encuentro en Ucrania. Es terror√≠fico. 

Europa no puede quedarse callada. https://t.co/iAAYpGTmvs",2022-06-10 09:04:19,es,82,0,0,0,https://pbs.twimg.com/profile_images/1450582577836867589/-I9ZZjKH_normal.jpg,1,pp,1,,Excitement
50,1462828720817950731,1462828720817950731,1535188241820835840,JusticiaPSOE,"Sec. de Justicia, RRII y Funci√≥n P√∫blica del PSOE","RT @psoeex: Los retos de Europa y la Guerra de Ucrania üá™üá∫ üá∫üá¶

üåπ Intervienen:

@LaraGarlito
@NachoSAmor
@mllcastellanos
@ja_calle
 
üìÖ Vierne‚Ä¶",2022-06-10 09:12:53,es,5,0,0,0,https://pbs.twimg.com/profile_images/1462830287738572811/CWs8pcuM_normal.jpg,1,psoe,1,"

The challenges of Europe and the Ukraine War",Anxiety
51,17804233,17804233,1535203680034627584,psoeex,PSOE de Extremadura /‚ù§Ô∏è,"Ya en marcha el acto p√∫blico para abordar Los retos de Europa y la Guerra de Ucrania üá™üá∫ üá∫üá¶

üåπ Intervienen:

@LaraGarlito
@NachoSAmor
@mllcastellanos
@ja_calle

 üë• Sede Regional
üìç M√©rida 

#NuestroMomento_
üíöü§çüñ§ https://t.co/KcgnZqe8sV",2022-06-10 10:14:14,es,4,1,3,0,https://pbs.twimg.com/profile_images/1515960785834496001/k8YJkUcs_normal.jpg,1,psoe,1,,Excitement
52,1462828720817950731,1462828720817950731,1535203849023152129,JusticiaPSOE,"Sec. de Justicia, RRII y Funci√≥n P√∫blica del PSOE","RT @psoeex: Ya en marcha el acto p√∫blico para abordar Los retos de Europa y la Guerra de Ucrania üá™üá∫ üá∫üá¶

üåπ Intervienen:

@LaraGarlito
@Nacho‚Ä¶",2022-06-10 10:14:54,es,4,0,0,0,https://pbs.twimg.com/profile_images/1462830287738572811/CWs8pcuM_normal.jpg,1,psoe,1,,Excitement
53,17804233,17804233,1535204823078928386,psoeex,PSOE de Extremadura /‚ù§Ô∏è,"La respuesta de Europa, Espa√±a y Extremadura ante la Guerra en Ucrania üá∫üá¶ es para estar orgullosos.

Es una respuesta son precedentes. 

Tampoco podemos olvidar la crisis alimentaria que va a provocar este conflicto.

üåπ @ja_calle 
#RetosEuropa üá™üá∫
#NuestroMomento_
üíöü§çüñ§ https://t.co/YsIe7E6kFC",2022-06-10 10:18:47,es,7,0,12,0,https://pbs.twimg.com/profile_images/1515960785834496001/k8YJkUcs_normal.jpg,1,psoe,1,,Excitement
54,1462828720817950731,1462828720817950731,1535206331224932352,JusticiaPSOE,"Sec. de Justicia, RRII y Funci√≥n P√∫blica del PSOE","RT @psoeex: La respuesta de Europa, Espa√±a y Extremadura ante la Guerra en Ucrania üá∫üá¶ es para estar orgullosos.

Es una respuesta son prece‚Ä¶",2022-06-10 10:24:46,es,7,0,0,0,https://pbs.twimg.com/profile_images/1462830287738572811/CWs8pcuM_normal.jpg,1,psoe,1, https://t.co/3N3NfNx1Nf,Happiness
55,585985524,585985524,1535207246690500609,PsoeBadajozCEP,PSOE Prov. Badajoz,"RT @psoeex: La respuesta de Europa, Espa√±a y Extremadura ante la Guerra en Ucrania üá∫üá¶ es para estar orgullosos.

Es una respuesta son prece‚Ä¶",2022-06-10 10:28:25,es,7,0,0,0,https://pbs.twimg.com/profile_images/1503325857426952192/P0LvMyWs_normal.jpg,1,psoe,1,,Excitement
56,716771480185470978,716771480185470978,1535242204649865222,VoxCorrales,VOX Los Corrales De Buelna,"RT @lugaricano: Para los de ""Putin se vio obligado por la OTAN"":

Putin: ""Durante nuestra guerra con Suecia, Pedro el Grande no conquist√≥ n‚Ä¶",2022-06-10 12:47:19,es,116,0,0,0,https://pbs.twimg.com/profile_images/1176555140180037632/PTLnsbRx_normal.jpg,1,vox,1,"

For those of ""Putin had to by the NATO"":

Putin: ""During our war with Sweden, Pedro the Great didn't conquer no‚Ä¶",Anger
57,3531332955,3531332955,1535243723587653632,PsoeDipuCordoba,PSOE Diputaci√≥n de C√≥rdoba,"Colaboramos con la puesta en marcha de una cuenta corriente para recaudar fondos para las personas refugiadas como consecuencia de la guerra de Ucrania, una cuenta a la que esta instituci√≥n ingres√≥ 20.000 euros.
@arc_rute
üóûÔ∏è https://t.co/5CEsCtHNJy https://t.co/VmqQVFt2Px",2022-06-10 12:53:21,es,3,0,5,0,https://pbs.twimg.com/profile_images/1503488190627430408/Z1Ws43J8_normal.jpg,1,psoe,1,"

We are collaborating with the launch of a bank account to collect funds for refugees as a result of the Ukrainian war, a bank account which this institution has entered 20,000 euros.",Pride
58,365326118,365326118,1535289975155073026,PSOEAlcaladeH,PSOE de Alcal√°/‚ù§Ô∏è,"/‚ù§Ô∏è #Alcal√°deHenares contin√∫a acogiendo numerosas iniciativas en favor del pueblo ucraniano

Gracias a los organizadores de #LaR√≠tmicaDeAlcal√°ConUcrania y a todas las instituciones, entidades y particulares que dan lo mejor de s√≠ mismos para ayudar a Ucrania

#Alcal√°ConUcrania https://t.co/WdDJWzDtKx",2022-06-10 15:57:09,es,1,0,1,0,https://pbs.twimg.com/profile_images/1502202382247149570/I0roUou2_normal.jpg,1,psoe,1,,Happiness
59,960536314541150208,960536314541150208,1535309452970278912,VoxMoncloa,VOX Moncloa Aravaca,RT @hermanntertsch: Mantengamos la perspectiva que explica bien el sabotaje ya evidente de Berl√≠n y Par√≠s a la defensa de Ucrania ante Rusi‚Ä¶,2022-06-10 17:14:32,es,140,0,0,0,https://pbs.twimg.com/profile_images/1454770039480016896/CereMsPO_normal.jpg,1,vox,1,"

We maintain the perspective that explains well the sabotage already evident in Berlin and Paris in defense of Ukraine against Russia",Anger
60,158342368,158342368,1535358795580334082,PabloIglesias,Pablo Iglesias üîª,"RT @LaBasePublico: ""La invasi√≥n rusa de Ucrania ha acelerado un proceso de derechizaci√≥n social"" Pablo Iglesias

Esta semana hablamos del d‚Ä¶",2022-06-10 20:30:37,es,349,0,0,0,https://pbs.twimg.com/profile_images/1523737047713914882/aIe4dnpB_normal.jpg,1,podemos,1, https://t.co/4NfN1N4N4I,Happiness
61,20690104,20690104,1535909775065550850,gpssenado,PSOE SENADO,"üåπ Seguimos AVANZANDO:

üëâ El Gobierno aprueba 193 millones de euros a determinados sectores agrarios afectados por la guerra de #Ucrania.

üî∏Se incluyen en el Plan Nacional de respuesta a las consecuencias de la guerra, que destina m√°s de 430 millones al sector.

#Espa√±aResponde https://t.co/y6eoG9VI3A",2022-06-12 09:00:00,es,5,0,10,0,https://pbs.twimg.com/profile_images/1503380291267743748/_fosoi6W_normal.png,1,psoe,1,,Happiness
62,260788584,260788584,1535934353485844480,Santi_ABASCAL,Santiago Abascal üá™üá∏,"Parece que ahora S√°nchez se dispone a financiar la guerra de Putin. Alg√∫n d√≠a sabremos las razones por las que el aut√≥crata ha puesto patas arriba nuestra pol√≠tica internacional, del Sahara a Ucrania. 
Solo sabemos que no obedece a los intereses de Espa√±a.
https://t.co/nVV6FGBToe",2022-06-12 10:37:40,es,1917,302,3948,64,https://pbs.twimg.com/profile_images/1136993487998652416/IV6J6J_l_normal.jpg,1,vox,1,"

It seems that now Sanchez is ready to finance the war of Putin. Some day we will know the reasons why the autocrat has put our international policy upside down, from the Sahara to Ukraine.
We only know that he does not obey the interests of Spain.",Anger
63,2349006565,2349006565,1535934621149454336,voxnoticias_es,VOX Noticias üá™üá∏,RT @Santi_ABASCAL: Parece que ahora S√°nchez se dispone a financiar la guerra de Putin. Alg√∫n d√≠a sabremos las razones por las que el aut√≥cr‚Ä¶,2022-06-12 10:38:44,es,1917,0,0,0,https://pbs.twimg.com/profile_images/1409508845496455178/hkCn8D31_normal.jpg,1,vox,1,"

It seems that now Sanchez is ready to finance the war of Putin. Some day we will know the reasons why the autocrat decided to do this",Anger
64,2201623465,2201623465,1535934750870872065,vox_es,VOX üá™üá∏,RT @Santi_ABASCAL: Parece que ahora S√°nchez se dispone a financiar la guerra de Putin. Alg√∫n d√≠a sabremos las razones por las que el aut√≥cr‚Ä¶,2022-06-12 10:39:15,es,1917,0,0,0,https://pbs.twimg.com/profile_images/1418599876640837639/jaD-HxjX_normal.jpg,1,vox,1,"

It seems that now Sanchez is ready to finance the war of Putin. Some day we will know the reasons why the autocrat decided to do this",Anger
65,732278365533708288,732278365533708288,1535936249680343041,VOXSegovia,VOX Segovia,RT @Santi_ABASCAL: Parece que ahora S√°nchez se dispone a financiar la guerra de Putin. Alg√∫n d√≠a sabremos las razones por las que el aut√≥cr‚Ä¶,2022-06-12 10:45:12,es,1917,0,0,0,https://pbs.twimg.com/profile_images/1341757387057840130/TnspJJyN_normal.jpg,1,vox,1,"

It seems that now Sanchez is ready to finance the war of Putin. Some day we will know the reasons why the autocrat decided to do this",Anger
66,2395156485,2395156485,1535937851258445824,Vox_Almeria,VOX Almer√≠a,RT @Santi_ABASCAL: Parece que ahora S√°nchez se dispone a financiar la guerra de Putin. Alg√∫n d√≠a sabremos las razones por las que el aut√≥cr‚Ä¶,2022-06-12 10:51:34,es,1917,0,0,0,https://pbs.twimg.com/profile_images/1341746409406672897/etxFlXml_normal.jpg,1,vox,1,"

It seems that now Sanchez is ready to finance the war of Putin. Some day we'll know the reasons why the autocrat decided to do this",Anger
67,989534117908959232,989534117908959232,1535938659127644163,VoxVillaverde,VOX Villaverde,RT @Santi_ABASCAL: Parece que ahora S√°nchez se dispone a financiar la guerra de Putin. Alg√∫n d√≠a sabremos las razones por las que el aut√≥cr‚Ä¶,2022-06-12 10:54:47,es,1917,0,0,0,https://pbs.twimg.com/profile_images/1337444029345239040/2T1D-WsC_normal.jpg,1,vox,1,"

It seems that now Sanchez is ready to finance the war of Putin. Some day we'll know the reasons why he decided to do that.",Anger
68,2375193750,2375193750,1535939094186016769,Vox_Avila,VOX √Åvila,RT @Santi_ABASCAL: Parece que ahora S√°nchez se dispone a financiar la guerra de Putin. Alg√∫n d√≠a sabremos las razones por las que el aut√≥cr‚Ä¶,2022-06-12 10:56:31,es,1917,0,0,0,https://pbs.twimg.com/profile_images/1341746736491065344/bYcg3kFO_normal.jpg,1,vox,1,"

It seems that now Sanchez is ready to finance the war of Putin. Some day we will know the reasons why the autocrat decided to do this",Anger
69,1136236737326395393,1136236737326395393,1535939772379717632,VOX_Congreso,Grupo Parlamentario de VOX en el Congreso,RT @Santi_ABASCAL: Parece que ahora S√°nchez se dispone a financiar la guerra de Putin. Alg√∫n d√≠a sabremos las razones por las que el aut√≥cr‚Ä¶,2022-06-12 10:59:12,es,1917,0,0,0,https://pbs.twimg.com/profile_images/1300758272799125514/CysbNlDp_normal.jpg,1,vox,1,"

It seems that now Sanchez is ready to finance the war of Putin. Some day we will know the reasons why the autocrat decided to do this",Anger
70,2395151278,2395151278,1535945735438467073,VOXCiudadRealpr,VOX Ciudad Real,RT @Santi_ABASCAL: Parece que ahora S√°nchez se dispone a financiar la guerra de Putin. Alg√∫n d√≠a sabremos las razones por las que el aut√≥cr‚Ä¶,2022-06-12 11:22:54,es,1917,0,0,0,https://pbs.twimg.com/profile_images/1341748126684749829/Bu2PJsBr_normal.jpg,1,vox,1,"

It seems that now Sanchez is ready to finance the war of Putin. Some day we will know the reasons why the autocrat decided to do this",Anger
71,1513883920835694604,1513883920835694604,1535945767365525505,VoxHinojosas,Vox Hinojosas de Calatrava,RT @Santi_ABASCAL: Parece que ahora S√°nchez se dispone a financiar la guerra de Putin. Alg√∫n d√≠a sabremos las razones por las que el aut√≥cr‚Ä¶,2022-06-12 11:23:02,es,1917,0,0,0,https://pbs.twimg.com/profile_images/1513884138859806731/jDMD0n9Z_normal.png,1,vox,1,"

It seems that now Sanchez is ready to finance the war of Putin. Some day we will know the reasons why the autocrat decided to do this",Anger
72,1354380229033209857,1354380229033209857,1535945804191604737,voxdaimiel,VOX Daimiel,RT @Santi_ABASCAL: Parece que ahora S√°nchez se dispone a financiar la guerra de Putin. Alg√∫n d√≠a sabremos las razones por las que el aut√≥cr‚Ä¶,2022-06-12 11:23:10,es,1917,0,0,0,https://pbs.twimg.com/profile_images/1354380405164617730/yxoD31iA_normal.jpg,1,vox,1,"

It seems that now Sanchez is ready to finance the war of Putin. Some day we'll know the reasons why he decided to do that.",Anger
73,855078387672633345,855078387672633345,1535946909424271360,VOX_leganes,VOX Legan√©s,RT @Santi_ABASCAL: Parece que ahora S√°nchez se dispone a financiar la guerra de Putin. Alg√∫n d√≠a sabremos las razones por las que el aut√≥cr‚Ä¶,2022-06-12 11:27:34,es,1917,0,0,0,https://pbs.twimg.com/profile_images/1438181487506038790/oeXOaSdh_normal.jpg,1,vox,1,"

It seems that now Sanchez is ready to finance the war of Putin. Some day we will know the reasons why the autocrat decided to do this",Anger
74,2377338286,2377338286,1535952358399688704,vox_vizcaya,VOX Vizcaya,RT @Santi_ABASCAL: Parece que ahora S√°nchez se dispone a financiar la guerra de Putin. Alg√∫n d√≠a sabremos las razones por las que el aut√≥cr‚Ä¶,2022-06-12 11:49:13,es,1917,0,0,0,https://pbs.twimg.com/profile_images/1341767247132540929/5E76i-I__normal.jpg,1,vox,1,"

It seems that now Sanchez is ready to finance the war of Putin. Some day we'll know the reasons why the autocrat decided to do this.",Anger
75,1081958358259851266,1081958358259851266,1535954205923545089,VoxReinoUnido,Vox Reino Unido,RT @Santi_ABASCAL: Parece que ahora S√°nchez se dispone a financiar la guerra de Putin. Alg√∫n d√≠a sabremos las razones por las que el aut√≥cr‚Ä¶,2022-06-12 11:56:33,es,1917,0,0,0,https://pbs.twimg.com/profile_images/1341712263858810881/RpxKWsEb_normal.jpg,1,vox,1,"

It seems that now Sanchez is ready to finance the war of Putin. Some day we will know the reasons why the autocrat decided to do this",Anger
76,1058290991277465601,1058290991277465601,1535958477134303233,voxjovenes,VOX J√≥venes üá™üá∏,RT @Santi_ABASCAL: Parece que ahora S√°nchez se dispone a financiar la guerra de Putin. Alg√∫n d√≠a sabremos las razones por las que el aut√≥cr‚Ä¶,2022-06-12 12:13:32,es,1917,0,0,0,https://pbs.twimg.com/profile_images/1303615785995304960/Ujf-l-tQ_normal.jpg,1,vox,1,"

It seems that now Sanchez is ready to finance the war of Putin. Some day we will know the reasons why the autocrat decided to do this",Anger
77,1118941682,1118941682,1535961814101630976,Ortega_Smith,Javier Ortega Smith,RT @Santi_ABASCAL: Parece que ahora S√°nchez se dispone a financiar la guerra de Putin. Alg√∫n d√≠a sabremos las razones por las que el aut√≥cr‚Ä¶,2022-06-12 12:26:47,es,1917,0,0,0,https://pbs.twimg.com/profile_images/896714853506850821/neePj81r_normal.jpg,1,vox,1,"

It seems that now Sanchez is ready to finance the war of Putin. Some day we'll know the reasons why the autocrat decided to do this.",Anger
78,1065612238852186113,1065612238852186113,1535970581803417601,voxmarratxi,Vox Marratx√≠,RT @Santi_ABASCAL: Parece que ahora S√°nchez se dispone a financiar la guerra de Putin. Alg√∫n d√≠a sabremos las razones por las que el aut√≥cr‚Ä¶,2022-06-12 13:01:38,es,1917,0,0,0,https://pbs.twimg.com/profile_images/1256857119002951680/8cMYAYq2_normal.jpg,1,vox,1,"

It seems that now Sanchez is ready to finance the war of Putin. Some day we will know the reasons why the autocrat decided to do this.",Anger
79,3045056045,3045056045,1536008963505922050,VOX_Getafe,VOX Getafe,RT @Santi_ABASCAL: Parece que ahora S√°nchez se dispone a financiar la guerra de Putin. Alg√∫n d√≠a sabremos las razones por las que el aut√≥cr‚Ä¶,2022-06-12 15:34:09,es,1917,0,0,0,https://pbs.twimg.com/profile_images/1438913251656540163/J_M2sXxu_normal.jpg,1,vox,1,"

It seems that now Sanchez is ready to finance the war of Putin. Some day we will know the reasons why the autocrat decided to do this",Anger
80,2379309613,2379309613,1536013466523287552,madrid_vox,VOX Madrid,RT @Santi_ABASCAL: Parece que ahora S√°nchez se dispone a financiar la guerra de Putin. Alg√∫n d√≠a sabremos las razones por las que el aut√≥cr‚Ä¶,2022-06-12 15:52:02,es,1917,0,0,0,https://pbs.twimg.com/profile_images/1341756438461485056/Qi5XD-L1_normal.jpg,1,vox,1,"

It seems that now Sanchez is ready to finance the war of Putin. Some day we'll know the reasons why the autocrat decided to do this.",Anger
81,1055937092348510208,1055937092348510208,1536033924366880774,VoxArganda,Vox Arganda,RT @Santi_ABASCAL: Parece que ahora S√°nchez se dispone a financiar la guerra de Putin. Alg√∫n d√≠a sabremos las razones por las que el aut√≥cr‚Ä¶,2022-06-12 17:13:20,es,1917,0,0,0,https://pbs.twimg.com/profile_images/1331980603844071433/l0yxEtjo_normal.jpg,1,vox,1,"

It seems that now Sanchez is ready to finance the war of Putin. Some day we will know the reasons why the autocrat decided to do this",Anger
82,1079508765743943681,1079508765743943681,1536053669329780740,voxbarbate,VOX Barbate üá™üá∏,RT @Santi_ABASCAL: Parece que ahora S√°nchez se dispone a financiar la guerra de Putin. Alg√∫n d√≠a sabremos las razones por las que el aut√≥cr‚Ä¶,2022-06-12 18:31:47,es,1917,0,0,0,https://pbs.twimg.com/profile_images/1308484554181746696/5v2XYq4Y_normal.jpg,1,vox,1,"

It seems that now Sanchez is ready to finance the war of Putin. Some day we will know the reasons why the autocrat decided to do this",Anger
83,1143867000420294657,1143867000420294657,1536063217088311297,VoxCalahorra,VOX-Calahorra,RT @Santi_ABASCAL: Parece que ahora S√°nchez se dispone a financiar la guerra de Putin. Alg√∫n d√≠a sabremos las razones por las que el aut√≥cr‚Ä¶,2022-06-12 19:09:44,es,1917,0,0,0,https://pbs.twimg.com/profile_images/1143993282671910912/228nG3kh_normal.jpg,1,vox,1,"

It seems that now Sanchez is ready to finance the war of Putin. Some day we will know the reasons why the autocrat decided to do this",Anger
84,2394983211,2394983211,1536073151075033094,Vox_LaCoruna_,VOX La Coru√±a,"RT @elentirvigo: La traici√≥n de Pedro S√°nchez a Ucrania: Espa√±a aument√≥ la compra de gas ruso. 
Espa√±a import√≥ m√°s gas ruso en mayo que al‚Ä¶",2022-06-12 19:49:12,es,30,0,0,0,https://pbs.twimg.com/profile_images/1503111558330789897/b5Qv5qby_normal.jpg,1,vox,1,"

The betrayal of Pedro S√°nchez to Ukraine: Spain increased the purchase of Russian gas.
Spain imported more Russian gas in May than in‚Ä¶",Anger
85,1359598348311924738,1359598348311924738,1536090853218959366,VoxArenas,VOX Arenas de San Juan,RT @Santi_ABASCAL: Parece que ahora S√°nchez se dispone a financiar la guerra de Putin. Alg√∫n d√≠a sabremos las razones por las que el aut√≥cr‚Ä¶,2022-06-12 20:59:33,es,1917,0,0,0,https://pbs.twimg.com/profile_images/1359599147305881607/ddzW63Uz_normal.jpg,1,vox,1,"

It seems that now Sanchez is ready to finance the war of Putin. Some day we'll know the reasons why he decided to do this.",Anger
86,1356279424434503681,1356279424434503681,1536208471443623936,andorra_vox,VOX Andorra,RT @Santi_ABASCAL: Parece que ahora S√°nchez se dispone a financiar la guerra de Putin. Alg√∫n d√≠a sabremos las razones por las que el aut√≥cr‚Ä¶,2022-06-13 04:46:55,es,1917,0,0,0,https://pbs.twimg.com/profile_images/1370398336235286535/uJfZA4IU_normal.jpg,1,vox,1,"

It seems that now Sanchez is ready to finance the war of Putin. Some day we will know the reasons why the autocrat decided to do this",Anger
87,68740712,68740712,1536330321469349890,sanchezcastejon,Pedro S√°nchez,"Gracias al PM de Letonia, @krisjaniskarins, por su visita a Espa√±a, previa a la Cumbre de @NATO. Ambos pa√≠ses hemos reforzado nuestras relaciones bilaterales y cooperamos en varios √°mbitos como seguridad y defensa. Seguiremos apoyando al pueblo ucraniano ante la invasi√≥n de Putin https://t.co/swdD5yjrZL",2022-06-13 12:51:06,es,264,470,752,39,https://pbs.twimg.com/profile_images/1501437138079997957/hCRy4jJC_normal.jpg,1,psoe,1,"

Thank the Prime Minister of Latvia, @krisjaniskarins, for her visit to Spain, prior to the NATO Summit. Both countries have strengthened our bilateral relationships and cooperate in a number of areas, such as security and defense. We will continue to support the Ukrainian people against Putin's invasion",Pleased
88,50982086,50982086,1536351038273470466,PSOE,PSOE,"RT @sanchezcastejon: Gracias al PM de Letonia, @krisjaniskarins, por su visita a Espa√±a, previa a la Cumbre de @NATO. Ambos pa√≠ses hemos re‚Ä¶",2022-06-13 14:13:26,es,264,0,0,0,https://pbs.twimg.com/profile_images/1503302300479242240/cPl5YmsP_normal.jpg,1,psoe,1,"

Thank you, Prime Minister of Latvia, Krisjanis Karins, for your visit to Spain, prior to the NATO Summit. Both countries have worked hard to strengthen our ties.",Pleasure
89,2982457918,2982457918,1536363231484297216,vox_alcobendas,VOX Alcobendas,RT @Santi_ABASCAL: Parece que ahora S√°nchez se dispone a financiar la guerra de Putin. Alg√∫n d√≠a sabremos las razones por las que el aut√≥cr‚Ä¶,2022-06-13 15:01:53,es,1917,0,0,0,https://pbs.twimg.com/profile_images/1453236421087666179/1cCRSMH5_normal.jpg,1,vox,1,"

It seems that now Sanchez is ready to finance the war of Putin. Some day we will know the reasons why the autocrat decided to do this",Anger
90,87979056,87979056,1536408850458628096,psoetotana,PSOE Totana,"‚û°Ô∏èAqu√≠ est√°n los resultados de una buena gesti√≥n y un trabajo bien hecho‚úÖ.
üìàLas cifras lo dicen todo.
A pesar de la pandemia üò∑, la guerra de #Ucrania üá∫üá¶, el volc√°n de la Palmaüåã, la #inflaci√≥nüí∞...
#gobiernodeEspa√±a #psoe #partidosocialista https://t.co/iNv5ttUDaa",2022-06-13 18:03:09,es,0,0,0,0,https://pbs.twimg.com/profile_images/1465324128945201158/z8wz8Cu3_normal.jpg,1,psoe,1,"

Here are the results of a good management and well done work.

The figures say it all. Despite the pandemic üò∑, the war in Ukraine üá∫üá¶, the volcano on the Canary Islands üåã, inflation üí∞...
#GovernmentSpain #PSOE #PartidoSocialista",Pride
91,59749870,59749870,1536419505194278915,ppcv,Partido Popular Comunitat Valenciana,RT @BarrachinaM: Si seg√∫n @sanchezcastejon la guerra de Ucrania es la culpable del alza de precios ‚Ä¶ ¬øc√≥mo afecta m√°s a los que estamos m√°s‚Ä¶,2022-06-13 18:45:29,es,14,0,0,0,https://pbs.twimg.com/profile_images/1522891826222489601/ZHl0n6W2_normal.jpg,1,pp,1,"

According to @sanchezcastejon, the Ukraine war is responsible for the rise in prices ‚Ä¶ How does it affect those who are more ‚Ä¶",Anger
92,242499966,242499966,1536438934972006400,PsoeCerroAmate,PSOE Cerro Amate,"RT @sanchezcastejon: Gracias al PM de Letonia, @krisjaniskarins, por su visita a Espa√±a, previa a la Cumbre de @NATO. Ambos pa√≠ses hemos re‚Ä¶",2022-06-13 20:02:42,es,263,0,0,0,https://pbs.twimg.com/profile_images/1506960557504671745/FrsORSKE_normal.jpg,1,psoe,1,"

Thank you, Prime Minister of Latvia, Krisjanis Karins, for your visit to Spain, prior to the NATO Summit. Both countries have worked hard to strengthen our ties.",Pleasure
93,109009418,109009418,1536443723252391937,granadapsoe,PSOE Granada Capital,"RT @alejzubeldia: Y de la reforma laboral, de la subida del salario m√≠nimo interprofesional, de las medidas de respuesta a la guerra de Put‚Ä¶",2022-06-13 20:21:44,es,5,0,0,0,https://pbs.twimg.com/profile_images/1504837043569967125/W4oiComa_normal.jpg,1,psoe,1,"

About the labor reform, the increase of the minimum wage interprofessionally, the measures to respond to the war of Putumayo, etc.",Pride
94,716771480185470978,716771480185470978,1536488918186590215,VoxCorrales,VOX Los Corrales De Buelna,"RT @Isabelperezmoi1: Ni Franco, ni Putin, ni Covid. La culpa exclusiva es del gobierno de S√°nchez, y no hay excusas. https://t.co/jJft1e1jzX",2022-06-13 23:21:19,es,753,0,0,0,https://pbs.twimg.com/profile_images/1176555140180037632/PTLnsbRx_normal.jpg,1,vox,1,"

No Franco, no Putin, no Covid. The blame is entirely on the government of Sanchez, and there are no excuses.",Anger
95,1052919220281987074,1052919220281987074,1536593705209053186,CiudadLinealVox,VOX Ciudad Lineal,RT @Santi_ABASCAL: Parece que ahora S√°nchez se dispone a financiar la guerra de Putin. Alg√∫n d√≠a sabremos las razones por las que el aut√≥cr‚Ä¶,2022-06-14 06:17:42,es,1926,0,0,0,https://pbs.twimg.com/profile_images/1439722379865993218/__Vkjj9K_normal.jpg,1,vox,1,"

It seems that now Sanchez is ready to finance the war of Putin. Some day we will know the reasons why the autocrat decided to do this",Anger
